<Dataset id="simulator">
  <DatasetPlugin type="sparqlEndpoint">
    <Param name="pageSize" value="1000"/>
    <Param name="pauseTime" value="0"/>
    <Param name="retryCount" value="3"/>
    <Param name="endpointURI" value="http://localhost:8890/sparql"/>
    <Param name="retryPause" value="1000"/>
    <Param name="graph" value="http://www.xybermotive.com/geoknow/"/>
    <Param name="queryParameters" value=""/>
    <Param name="login" value="dba"/>
    <Param name="useOrderBy" value="true"/>
    <Param name="entityList" value=""/>
    <Param name="parallel" value="true"/>
    <Param name="password" value="dba"/>
  </DatasetPlugin>
</Dataset>
